name,surname,email,pnr
NOMBRE5641,APELLIDO5641,NOMBRE5641APELLIDO5641@gmail.com,ZPMIU
NOMBRE5643,APELLIDO5643,NOMBRE5643APELLIDO5643@gmail.com,RIIJF
NOMBRE5649,APELLIDO5649,NOMBRE5649APELLIDO5649@gmail.com,IMRNT
NOMBRE5650,APELLIDO5650,NOMBRE5650APELLIDO5650@gmail.com,RCNNN
NOMBRE5651,APELLIDO5651,NOMBRE5651APELLIDO5651@gmail.com,CEESJ
NOMBRE5661,APELLIDO5661,NOMBRE5661APELLIDO5661@gmail.com,HMTAS
NOMBRE5662,APELLIDO5662,NOMBRE5662APELLIDO5662@gmail.com,IOUKJ
NOMBRE5663,APELLIDO5663,NOMBRE5663APELLIDO5663@gmail.com,BEEWV
NOMBRE5667,APELLIDO5667,NOMBRE5667APELLIDO5667@gmail.com,CCQQK
NOMBRE5668,APELLIDO5668,NOMBRE5668APELLIDO5668@gmail.com,EYWJX
NOMBRE5673,APELLIDO5673,NOMBRE5673APELLIDO5673@gmail.com,PLJEA
NOMBRE5677,APELLIDO5677,NOMBRE5677APELLIDO5677@gmail.com,MFIBH
NOMBRE5679,APELLIDO5679,NOMBRE5679APELLIDO5679@gmail.com,XVKNU
NOMBRE5682,APELLIDO5682,NOMBRE5682APELLIDO5682@gmail.com,DMMVD
NOMBRE5684,APELLIDO5684,NOMBRE5684APELLIDO5684@gmail.com,XXJRR
NOMBRE5685,APELLIDO5685,NOMBRE5685APELLIDO5685@gmail.com,UOTCZ
NOMBRE5689,APELLIDO5689,NOMBRE5689APELLIDO5689@gmail.com,ZLNVA
NOMBRE5694,APELLIDO5694,NOMBRE5694APELLIDO5694@gmail.com,ESFCA
NOMBRE5695,APELLIDO5695,NOMBRE5695APELLIDO5695@gmail.com,VEBUU
NOMBRE5698,APELLIDO5698,NOMBRE5698APELLIDO5698@gmail.com,YRKVN
NOMBRE5709,APELLIDO5709,NOMBRE5709APELLIDO5709@gmail.com,DPNUM
NOMBRE5727,APELLIDO5727,NOMBRE5727APELLIDO5727@gmail.com,CBPMH
NOMBRE5735,APELLIDO5735,NOMBRE5735APELLIDO5735@gmail.com,JGRKF
NOMBRE5736,APELLIDO5736,NOMBRE5736APELLIDO5736@gmail.com,YUXJO
NOMBRE5737,APELLIDO5737,NOMBRE5737APELLIDO5737@gmail.com,CVAOQ
NOMBRE5740,APELLIDO5740,NOMBRE5740APELLIDO5740@gmail.com,DEOQS
NOMBRE5744,APELLIDO5744,NOMBRE5744APELLIDO5744@gmail.com,QHGQX
NOMBRE6029,APELLIDO6029,NOMBRE6029APELLIDO6029@gmail.com,VZQNL
NOMBRE6037,APELLIDO6037,NOMBRE6037APELLIDO6037@gmail.com,FVKRU
NOMBRE6044,APELLIDO6044,NOMBRE6044APELLIDO6044@gmail.com,ZKERC
NOMBRE6052,APELLIDO6052,NOMBRE6052APELLIDO6052@gmail.com,PNWWB
NOMBRE6063,APELLIDO6063,NOMBRE6063APELLIDO6063@gmail.com,FFJZN
NOMBRE6066,APELLIDO6066,NOMBRE6066APELLIDO6066@gmail.com,FLRBX
NOMBRE6067,APELLIDO6067,NOMBRE6067APELLIDO6067@gmail.com,FJSOY
NOMBRE6068,APELLIDO6068,NOMBRE6068APELLIDO6068@gmail.com,ZPUYI
NOMBRE6074,APELLIDO6074,NOMBRE6074APELLIDO6074@gmail.com,TFWRH
NOMBRE6075,APELLIDO6075,NOMBRE6075APELLIDO6075@gmail.com,KSIVL
NOMBRE6077,APELLIDO6077,NOMBRE6077APELLIDO6077@gmail.com,XHGZJ
NOMBRE6079,APELLIDO6079,NOMBRE6079APELLIDO6079@gmail.com,NVRWR
NOMBRE6090,APELLIDO6090,NOMBRE6090APELLIDO6090@gmail.com,FSFWS
NOMBRE6096,APELLIDO6096,NOMBRE6096APELLIDO6096@gmail.com,CDQWP
NOMBRE6103,APELLIDO6103,NOMBRE6103APELLIDO6103@gmail.com,OECPP
NOMBRE6109,APELLIDO6109,NOMBRE6109APELLIDO6109@gmail.com,THURS
NOMBRE6110,APELLIDO6110,NOMBRE6110APELLIDO6110@gmail.com,UAYTN
NOMBRE6123,APELLIDO6123,NOMBRE6123APELLIDO6123@gmail.com,JDZYO
NOMBRE6124,APELLIDO6124,NOMBRE6124APELLIDO6124@gmail.com,QXKDN
NOMBRE6129,APELLIDO6129,NOMBRE6129APELLIDO6129@gmail.com,HNDUG
NOMBRE6136,APELLIDO6136,NOMBRE6136APELLIDO6136@gmail.com,ZKJSA
NOMBRE6140,APELLIDO6140,NOMBRE6140APELLIDO6140@gmail.com,UFMBR
NOMBRE6149,APELLIDO6149,NOMBRE6149APELLIDO6149@gmail.com,UHCPV
NOMBRE6152,APELLIDO6152,NOMBRE6152APELLIDO6152@gmail.com,BYBGK
